,text,expert_label,cluster
0,"РОСТОВ ВЕЛИКИЙ. Когда-то давно в окрестностях Ростова жило финское племя меря, которое дало название озеру — Неро. На его берегах расположен Ростов Великий — один из I самых древних городов Руси. В 1238 году Ростов был завоёван и сожжён монголо-татарами и по-настоящему возродился только в XVII веке благодаря митрополиту Ионе III. Иона какое-то время был главой Русской церкви — патриархом, но был отправлен домой — в Ростов. Вернувшись в родной город, он решил вернуть тому былую славу. Иона построил себе в центре города «скромный» Архиерейский двор — знаменитый Ростовский кремль, получивший это название только в XIX веке. Храмы и палаты двора были соединены переходами так, что митрополит мог перейти в любое из своих владений, ни разу не ступив на землю, а его стены, длиной более километра, охраняли 11 башен. Не забыл Иона и про царя. Вдоль западной и южной стен кремля он приказал возвести «Хоромы для пришествия государева» (Красную палату). Государь, однако, так и не побывал в заботливо приготовленных для него хоромах. А Иона придумал себе новое «занятие». При нём в Ростове Великом стали отливать самые большие в России колокола. «Полиелейный» весом в 16 тонн, 8-тонный «Лебедь» и 33-тонный Сысой по сей день украшают звонницу Ростовского кремля. Голос «Сысоя» разливается по окрестностям на 20 километров. Всего в ростовской звоннице сегодня 15 больших и малых колоколов — целый колокольный «оркестр»! Звон ростовских колоколов — настоящая музыка. Насладиться ею приезжают люди из самых дальних стран мира. Феоктистов Л.А. Города России. – М., 2007.- с.28-29",1,0
1,"Рассказ о медведе. Кто из нас не знает медведя? Неповоротливый, неуклюжий, косолапый. Именно такого мнения мы придерживаемся об этом звере. Но на самом деле медведь не такой. Он очень подвижный и маневренный. Медведь — грозный лесной житель, который никому не даст спуску, если он не в настроении. Медведь принадлежит к семейству медвежьих. Представители этого семейства всеядны, имеют отличное обоняние, им не страшны пчелиные укусы. Медведь – крупное хищное млекопитающее, хорошо плавает и лазит по деревьям. Один удар – и мишка способен погубить другое животное. Ноги у медведя толстые, голова массивная с небольшими ушами и глазами, цвет шерсти – кричневый. Хотя медведь – это типичный хищник, он отдаёт должное и растительному десерту: ягодам, плодам, зёрнам, траве, корешкам растений. В зимний период медведь не нарушает тишину леса, он мирно спит до весны. В случае, если мишка недостаточно откормился осенью, он просыпается зимой и бродит в поисках пищи – становится шатуном. В конце зимы в медвежьих берлогах появляются медвежата. Два-три, а то и пять маленьких косолапых появляются на свет. Вес каждого в среднем — около пятисот грамм. Медвежата – большие любители сладкого мёда, черники, малины. «Мишка-медведь, научи меня реветь» — говорят дети. И медведи могут научить. Порой так заревут, что мурашки по коже начинают бегать. Но обычно медведь молчалив. Автор рассказа: Ирис Ревю",1,1
2,"ПЕРВЫЙ БУКВАРЬ. Первый русский букварь написал и напечатал Иван Фёдоров в 1574 году. Ивана Фёдорова называют первопечатником. В Москве есть памятник Ивану Фёдорову. Он напечатал много книг, но главная для нас – букварь. Интересно, что Фёдоров никак не назвал свой букварь, поэтому иногда его книгу называли Азбукой или Грамматикой. Конечно, книга Фёдорова отличается от нынешних букварей и азбук, но все они строятся так же: от простого к сложному, от буквы к слову, от слова к предложению, от предложения к рассказу.  Раньше каждая буква азбуки имела своё наименование. Не просто буква А, а АЗ, не Б, а БУКИ. Так дети и заучивали:  АЗ, БУКИ, ВЕДИ, ГЛАГОЛЬ, ДОБРО, ЕСТЬ, ЖИВЕТЕ, ЗЕЛО, ЗЕМЛЯ, ИЖЕ, КАКО, ЛЮДИ, МЫСЛЕТЕ, НАШ, ОН, ПОКОЙ, РЦЫ, СЛОВО, ТВЕРДО, УК, ФЕРТ и так далее. Писатели составляли для лёгкости запоминания целые предложения из этих слов, например, аз – я, буки – буквы, ведаю – знаю. Глаголю – говорю, добро – хорошо, есть – жить… Или: рцы – говори слово твердо. Сочиняли стихи, была даже азбучная молитва.  Заканчивался букварь молитвами и поучениями, как следует себя вести: «Чада (то есть дети), послушайте (слушайтесь) своих родителей, это есть первая заповедь. Благо будет вам и долголетни будете на земле». Автор: В. Крупин // Горецкий В.Г. Азбука. Часть 2.- М., 2017.- С. 90-91",1,1
3,"Про канарейку. Канарейка — изящная, грациозная птичка. У нее стройное тело, маленькая головка, гладкие перышки. Дикие канарейки — неяркие птицы. А канарейки, живущие в неволе, из желто-зеленых превратились в ярко-желтых, нарядных, красивых певуний-щебетуний. Родина канареек — Канарские острова, у западных берегов Африки. Впервые в Европу их привезли мореходы-испанцы. Птицы стоили дорого. Их селили в золотых клетках, и покупали их только богачи. Постепенно птицы развелись и в Европе. Эти птички не только красивые, декоративные, но и певчие. Хорошо умеют подражать свисту иволги, пению овсянок, трели синиц и даже стрекотанию кузнечиков и звону бубенцов. Автор: Шорыгина Т.А. - http://kladraz.ru/raskazy-dlja-detei/raskaz-pro-kanareiku-dlja-detei-1-2-klas.html",1,1
4,"ПОПУГАЙ. Эти птицы привлекают внимание человека своим оперением — зелёным, оранжевым, жёлтым, голубым и ещё многим разноцветьем. В природе около 330 видов. По размерам попугаи также различаются — от 10 сантиметров до 1 метра. Они ловко двигаются по деревьям и по скалам. Приручать попугаев стали давно — до нашей эры. Живут среди скал, в дуплах деревьев, в домах у людей. Любители учат их “говорить” и попугаи подражают — речь и интонацию. Места обитания птиц во всём мире, в России, Новой Зеландии, Индии. В Индии из-за красивых перьев отлавливали попугаев в древности, во время походов Александра Македонского. Многие виды попугаев, как и другие птицы, охраняются и занесены в Красную книгу. Беневоленская, Валентина.  Птицы. – М., 2014. – 47 с.: ил.",1,2
5,"О землянике и клубнике. Ягоды земляники небольшие, ярко-красные, похожие на капельку — сверху шире, а снизу уже. В мякоти видны маленькие светло-коричневые удлиненные семена. Когда вы бродили по опушке леса или гуляли в парке, то наверняка видели эти маленькие алые ягодки в зеленых листьях. Листья земляники называют трилистниками, потому что на одной веточке растут сразу три листочка. Стебель этой ягоды невысокий, укороченный, а листья — довольно крупные. Весной в веточках земляники появляются цветы. Как они выглядят? Верно! Пять белых лепестков окружают небольшое зеленовато-желтое сердечко. Насекомые опыляют цветы земляники. Скоро на месте цветков появится твердая зеленая завязь, из которой образуется сочная ароматная ягодка. Под ее тяжестью тонкий стебелек поникает до самой земли, поэтому и называют это ягодное растение земляникой. Земляника созревает в лесу раньше других ягод — малины, черники, голубики, брусники и клюквы. В середине июня — начале июля бродят ягодники по лесным опушкам, вырубкам, просекам, полянам с лукошками и собираю сладкую нежную землянику. А из сосновых боров, где сухо и солнечно, веет приятным земляничным ароматом. Автор: Шорыгина Т.А. // http://kladraz.ru/raskazy-dlja-detei/raskaz-pro-zemljaniku-i-klubniku-dlja-detei-1-2-klas-okruzhayuschii-mir.html",1,0
6,"Собака – близкий родственник волку. Человек приручил ее первую из всех животных около двенадцати тысяч лет назад. Сначала собаки охраняли жилище человека: лаяли, когда приближался чужой. Потом стали помогать хозяину охотиться: преследовали и задерживали диких животных. Позже собаки научились охранять стада коров, овец, помогали человеку их пасти. Породы собак делят на три группы: охотничьи, служебные и декоративные. Служебные собаки пасут стада, работают на границе и в уголовном розыске, ищут полезные ископаемые, спасают людей, заблудившихся во время снежных бурь, перевозят грузы, почту, пассажиров. В Париже стоит памятник сенбернару Барри. Он спас 39 человек, попавших в снежную бурю в Альпах. На Аляске есть памятник вожаку упряжки Бальду. Он вовремя доставил лечебную сыворотку и спас этим многих детей. В Берлине построен памятник собаке - проводнику слепых. В Санкт-Петербурге возведен памятник всем собакам, которые послужили науке. Автор: И. Шустова // Крылова О.Н. Чтение. 1 класс. Работа с текстом.- М., 2017.- С.83",1,1
7,Кит. Кит — самое большое животное на свете. Он может жить только в океане. Поэтому ни в одном зоопарке мира нет китов. Из жира печени и мяса кита изготовляют нужные нам продукты. Охотиться за китами трудно и опасно.  Доверить это дело можно только очень сильным и храбрым людям. (47 слов.),1,2
8,"Птица-секретарь. Почему птицу зовут «секретарь»? Ее оперение напоминает одежду секретаря в старое время. Секретарем звали писца, переписчика. В старину писец носил за ухом гусиные перья. У птицы косицы, словно перья за ушами. У нее серая куртка и короткие штанишки. Секретарь — отличный охотник на змей. Змея шипит, раздувает шею. Но птица закрывает ноги широким крылом. Другим крылом секретарь бьет змею по голове. Змея оглушена. Птица рвет ее на части и съедает по кускам. (По Н. Коростелёву.)  (71 слово.)",1,2
9,"Каждое дупло в лесу — загадка. Умелый следопыт по следам разгадает дупляного жителя. Бывают дупла-ночлежки. В них проводят ночь белки, дятлы. Сыч днюет в дупле, а ночью летит на охоту. Бывают дупла-кладовые. В них белка прячет орехи. Куница положит про запас лесную мышь. Бывают дупла-спальни. Всю зиму спит в дупле летучая мышь. Она проводит зимнюю спячку вниз головой. Всю зиму ничего не ест и не пьет. Сколько дупел, столько загадок. (74 слова. По Н. Сладкову)	",1,2
10,"ИДУ НА ПОМОЩЬ. Беспилотники сегодня в моде. И они могут быть не только игрушками, но и средством спасения. Как, например, аппарат Pouncer. Он разработан, чтобы доставлять еду и лекарства в районы стихийных бедствий и боевых действий. Этот дрон сделан из фанеры и пластика. Гуманитарный беспилотник способен нести до 45 килограмм груза, а его корпус можно использовать для розжига костра. Ещё он оснащен очень точной системой GPS, чтобы приземлиться именно в той точке, где ждут помощи.",1,2
11,"Лето в лесу. Наступило лето. На лесных полянках трава выше колен. Стрекочут кузнечики.  На бугорках краснеет земляника. Цветут малина, брусника, шиповник, черника. Вылетают из гнезд птенцы. Пройдет немного времени, и появятся вкусные лесные ягоды. Скоро придут сюда дети с корзинками собирать ягоды.",1,2
12,"Железо в жилах . Большая часть клеток крови – это красные кровяные тельца. А красные они потому, белковое вещество гемоглобин, в котором много железа. Ты ведь помнишь, какого цвета ржавчина? Так вот это есть железо, только оно окислялось,  то есть захватило кислород. В нашем теле происходит это там, где кислород достать легко, в наших легких. Продолжая свое путешествие по кровеносным сосудам, гемоглобин разносит кислород по всем клеткам. А оттуда он забирает накопившую окись углерода Потом кровь опять несет красное кровяное тельце к легким, и там происходит уже обратный обмен: окись углерода уходит из нашего организма выдохом, а на ее место гемоглобин забирает новую порцию кислорода и снова все по кругу. Вот почему нужно, чтобы в нашей пище было железо. Только гвозди для этого грызть необязательно: немало соединений железа ты найдешь в помидорах и в яблоках, и в гречневой каше. Наешься - и больше станет у тебя красных кровяных телец и гемоглобина, а от этого быстрее и лучше будут питаться и очищаться клетки твоего организма/ Куликов. А.Н., «Скажи мне, почему…?»,1995 г -  стр. 166 ",1,0
13,"Журавль. Радостно слышать весною крики журавлей в небе. Прилет журавлей обещает близкое тепло. Любит этих птиц наш народ. Много сказок и песен сложил он о журавлях.  Журавль очень высок на ногах. У него большие крылья и длинные перья. Клюв журавля крепкий и острый.  Гнездо журавль вьет прямо в ямке на поле. На сухую траву журавлиха кладет два крупных яйца. Молодых журавлят родители уводят в кусты или в камыши.  Раненый журавль бросается на спину и бьет собаку ногами и клювом. Один охотник потерял глаз, когда хотел схватить раненого журавля.  Теперь охота на журавлей в нашей стране запрещена.  (По С. Аксакову.) (95 слов.) ",2,1
14,"Антарктида. Антарктида лежит на крайнем юге. Огромная шапка льда толщиной более километра покрывает Антарктиду. Только кое-где среди льдов выступают черные и коричневые сопки, покрытые редкими пятнами мхов.  Беден животный мир Антарктиды. Лучше всех смогли приспособиться к суровому климату пингвины. Они населяют берега антарктических морей. В прибрежных водах плавают киты, кашалоты, дельфины.  Много тайн хранит Антарктида. Уже сейчас ученые нанесли на карту огромные горные цепи. В Антарктиде много ценных минералов. Но все это скрыто подо льдом.  Ученые всего мира исследуют этот край. (80 слов.)  (Из журнала «Мурзилка».) ",2,2
15,"Леопард. Леопард дождь не любит, никогда не купается и не плавает. В воду его только силой можно загнать. А сам просто так ни за что в неё не полезет. Красивый наряд у леопарда! Шерсть жёлтая и вся в чёрных пятнах. В листве деревьев его и не заметно, хоть он и не зелёный, потому что сливается его пестрота с игрой света и тени в полумраке тропического леса. Леопарды живут в Африке и в Азии. Леопард — мастер подкрадываться. Ползёт, прячась за каждым камнем, за каждым кустом, и так бесшумно, что подбирается совсем близко. Потом прыжок — и добыча в когтях. У нас леопарды водятся на Кавказе, в Средней Азии и на Амуре. Кроме обычного, есть ещё дымчатый леопард, тоже очень красивый, но маленький. Живёт он в лесах Юго-Восточной Азии. Дымчатый леопард почти не спускается на землю. Обезьян, белок и прочей добычи вполне хватает для него и в вершинах деревьев. Пантерами нередко называют чёрных или очень крупных пятнистых леопардов. Но иногда и всяких: кому как нравится. Охотники говорят: тигр «джентльмен», а пантера «невежа». Потому что тигр, когда нападает, всегда рычит, будто предупреждает. А пантера кидается молча и сзади. Пантера меньше льва и тигра и не такая, конечно, сильная. И всё-таки сила у неё немалая. Большую корову она без труда волочит по земле. А теперь подумайте: какая же сила у льва и тигра! И. Акимушкин В мире животных",2,1
16,"ЗАРЯНКА. Когда в лесу появляются проталины, песня зарянки заглушает все птичьи голоса. Песня её напоминает скрип несмазанного колеса, поднимающейся в гору телеги, а заканчивается мелодичным перезвоном серебристого колокольчика. Перышки на горле зарянки красные. Но не за красное пятно прозвали зарянку зарянкой, а за песни на утренних и вечерних зорях. Усядется зарянка на вершину старой высокой ели и поёт, ненадолго умолкая ночью, да в середине дня. Но особенно хорошо поёт зарянка после восхода солнца, да когда зайдёт солнце за край земли и небо станет красным, как пятнышко на горле зарянки. Гнездо зарянка вьёт между корнями трухлявых пеньков, под поваленными деревьями, под кучами валежника или в ямке на земле, под раскидистой листвой папоротника. Зарянка откладывает пять—семь светло-розовых яичек, покрытых рыжевато-бурыми крапинками. Птенцов выкармливают оба родителя гусеницами, жуками, паучками. Зарянки только успевают летать по лесу в поисках корма. Как птенцы подрастут, они быстро бегают в траве, а как услыша! крик ястреба или ворона, затаиваются. Птенцы очень любопытные, и если идти по осеннему лесу тихо и не делать резких движений, то можно увидеть птенца зарянки. Он внимательно наблюдает за человеком и долго бежит за ним, прячась в кустах. Хорошо встать затемно, чтобы на утренней заре услышать песню зарянки, увидеть, как цапля пролетает над рекой и ночной туман поднимается над водой и тает в голубом небе. Тамбиев А.Х. Кто в лесной норе живет",2,1
17,"ЯКУТСК. На склонах Байкальских гор берёт начало небольшой горный поток. Постепенно он становиться всё шире, пока не превращается в широкую и могучую реку Лену, которая получила своё имя от якутского слова «Елюне», что означает «великая река». В 1632 году на берегу Лены выросла деревянная крепость — Ленский острог, которая через 50 лет превратилась в город. В Якутске сохранились деревянные стены и одна из башен первого острога — одной из самых больших и мощных крепостей Сибири, а также много других деревянных сооружений времён первопроходцев. В Якутии вечная мерзлота подступает так близко к поверхности, что невозможно пахать землю. В 1827 году служащий Русско-американской компании Фёдор Шергин решил попробовать прорубить слой вечной мерзлоты насквозь. Работа длилась 10 лет, а вечная мерзлота всё не кончалась. Но труд Шергина не пропал даром: позже рядом с его шахтой вырос Институт мерзлотоведения. А сама шахта стала одной из достопримечательностей города. Фёдор Шергин так и не узнал, что ему удалось преодолеть лишь чуть более половины расстояния до воды. Возле Института мерзлотоведения установлено изваяние — мамонт с высоко поднятыми бивнями. До сих пор в вечной мерзлоте на территории Якутии находят останки этих древних животных. В Якутии, в Оймяконе расположен полюс холода всего северного полушария нашей планеты. Здесь зафиксирована температура минус 67,8 С. В 1930-х годах именно в этом «полюсе холода» были найдены месторождения алмазов. Якутские алмазы в основном прозрачные и бесцветные. Каждый из них уникален. В зависимости от формы, размеров и цвета алмазы разделяют на 6,5 тысячи категорий. Для измерения веса алмазов существует специальная единица — карат. В одном карате 0,2 грамма. Самый крупный из якутских алмазов, «Звезда Якутии», весит 232 карата. Он выставлен в Алмазном фонде Московского Кремля. Феоктистов Л.А. Города России. – М., 2007.- с.86-87",2,0
18,"Снежный дом. Ровная снежная гладь. Небо и земля, покрытая снегом, одинакового серебристо-серого цвета. Даль скрылась в искрящейся снежной пыли. Скоро, через неделю-другую, низкое солнце исчезнет, словно растает в снежном полумраке. Наступит многомесячная полярная ночь. Торопится человек, пока не исчезли последние отблески дневного света. Он скатал снежный ком. Обтесал его с четырёх сторон, и получился большой снежный кирпич. Один. Другой. Третий... Много уже таких кирпичей лежит на ровной, расчищенной от снега площадке.'	 И вот человек начинает складывать из этих снежных кирпичей дом. Есть такая старая пословица: «Дом без углов не стоит». Так вот, этот снежный дом строится без углов - он круглый. Издали он очень похож на яйцо гигантской птицы, наполовину врытое в землю. Оглядел человек свой дом снаружи, взял в руку плошку с тюленьим жиром да с плавающим в нём фитильком, пригнулся и вошёл внутрь дома. Поставил он этот свой светильник на снежный пол и стал ждать. Потрескивает тюлений жир, бледный огонёк то выше взметнётся, то почти совсем исчезнет. Но вот разгорелся светильник. Ровно горит язычок пламени на фитильке. Воздух в круглом снежном домике постепенно нагревается. Снег на стенах подтаивает. Оплывают снежные кирпичи. На глазах крепко срастаются, сплавляются. Теперь стоит только на время убрать светильник, и стены внутри дома покроются, схватятся накрепко ледяной корочкой. Дом готов. Издревле на Крайнем Севере, где деревьев почти нет, а снега вдоволь, строили эскимосы такие вот снежные жилища. Назывались они иглу. Яхин Л.Л. Какие бывают дома? – М., 2016. – с.7-9",2,1
19,"Человеки всех цветов. Честно говоря, ученые точно не знают, как произошли человеческие расы. Что такое расы? Ты же знаешь, что люди, населяющие наш земной шар, очень разные. Они отличаются друг от друга не только цветом кожи, но и строением черепа, разрезом глаз, формой лица и телосложением. Сейчас принято считать, что основных рас всего три. Европеидная раса – люди с белой кожей населяюляющие в основном Россию, Америку, Европейские страны. Негроидная раса — коренные жители африканского континента. Монголоидная раса желтокожих, проживающая в Монголии, Китае, Индии, Японии и многих странах Востока, причем она является самой многочисленной расой в мире. Итак, будем считать, что человеческая раса — это то, что отличает одну группу земного населения  от другой некоторыми внешними признаками, унаследованными этими людьми от своих далеких предков. Конечно, человеческие расы давно перемешались. В Америке проживает немало краснокожих индейцев, которые задолго до белой расы населяли эти земли, и которых раньше выделяли в особую расу «краснокожих *. В Москве можно встретить на улице афроамериканца, а в Китае проживают не только люди с желтым оттенком лица. Но в древности, разные расы появились на разных континентах, дав начало основным видам человека. Около 500000 лет назад предки современного человека проживали в Западной Азии небольшими группами — племенами. В разных племенах постепенно появлялись признаки различий. Процесс этот происходил весьма продолжительно — около 200000 лет. Позже, когда появилась необходимость в новых местах проживания, древние племена двинулись на юго-восток в сторону Индонезии и даже еще дальше на север в Китай. Поиски лучших земель заставляли человека осваивать все новые, не обитаемые ранее пространства. Еще позже, человек расселился по всей поверхности Земли. Некоторые племена развивались изолированно. Другие смешивались, давая совместное потомство. Но основные расовые признаки человечества, устойчиво сохраняются, независимо от постоянной смены поколений. Куликов. А.Н. «Скажи мне, почему…?».- М.,1995. - С. 186-187",2,0
20,"Увидев деревья, внимательно осмотрись: вдруг ты заметишь что-нибудь интересное. Обязательно посмотри вверх и вниз. В земле. Сжимаясь и вытягиваясь, червячки ползают в земле под травяным покровом. Они делают туннели, благодаря которым корням растений проще впитывать. Спрятанные цвета. Мотыльки и бабочки, когда не летают, прячутся на деревьях, камнях и растениях. Они складывают свои крылышки так, чтобы яркий окрас крыльев был спрятан внутри. Это делает бабочек незаметными для хищников, которые хотят их съесть. Паутина. Пауки плетут паутину, используя клейкие шёлковые нити, которые производит их организм. Пауки сидят рядом с паутиной и ждут, когда какое-нибудь насекомое завязнет в ней. Затем они закутывают жертву в кокон и едят её. В вышине. На ветках деревьев и в дуплах птицы строят гнёзда. Для их создания они используют веточки, траву, мох. Все птицы вылупляются из яиц. Живущие на деревьях птицы питаются улитками, гусеницами, червячками и другими насекомыми, а также фруктами. Жужжание. Пчёлы строят дом для своей королевы, чтобы в нём могли разместиться все её детки. Пчёлы работают очень дружно: они содержат это место в чистоте, защищают его и делают столько мёда, чтобы накормить всех пчёл. Уютные норки. Дупла, старые птичьи гнёзда или удобные ветки могут стать беличьим домиком. Белки выстилают свои норки мхом, сухой травой и перьями. Зимой они спят рядом, свернувшись калачиком, чтобы сохранить тепло. Браун, Кэррон.  Что скрывает яблоня?: Пер.  с англ. / Кэррон Браун, Алиса Нэсснер. – Ростов н/Д: Феникс, 2015. - 35 с.: ил.",2,1
21,"Медвежья спячка. Всем известно, что зимой медведи спят в берлогах. Засыпают они задолго до первого снега. Но чтобы спокойно выспаться, медведю нужно хорошо подготовиться. Прежде всего — найти подходящее место, например упавшее дерево с вывороченными корнями или яму. Это место надо утеплить, выстлав травой и мхом. Если берлога неглубокая, мишка укрывает её ветками и молодыми ёлочками. Зимой начнутся метели и занесут такой дом снегом. Пройдёшь и не заметишь даже, что рядом под сугробом спит медведь. Уютно и тепло ему в берлоге. Однажды любопытные учёные решили узнать, как именно под снегом мишка спит и что делает. Для этого они выбрали нескольких животных и поместили на огороженную территорию с искусственными берлогами. На каждом медведе были прикреплены специальные датчики, которые передавали информацию о состоянии зверей. В ходе эксперимента выяснилось, что медведи любят спать, свернувшись клубком. Ворочаются они крайне редко — один раз в несколько дней. А дышат невероятно медленно — всего два вздоха в минуту! Однако рассказы о том, что во сне мишка сосёт свою лапу, не подтвердились. Ничего подобного учёные не увидели. Во время зимней спячки медведь действительно иногда засовывает лапу в рот, но вовсе не потому, что у него там запас жира, помогающий пережить голодный период. А, вероятнее всего, потому, что у него зимой облезают подошвы лап. Они зудят, вот мишка их и чешет зубами. Даже в зоопарках, где животным нет нужды заботиться о пропитании и для всех устроены тёплые вольеры, мишки всё равно спят — так уж они привыкли. Но, впрочем, не все. У белых медведей только самки хорошенько отъедаются и засыпают — им нужны силы, чтобы родить, а потом и выкормить детёнышей. А самцы не спят: они всегда бодры и полны сил. Ведь там, откуда они родом, холодно зимой и летом, так что им безразлично, когда нырять за рыбой. Белые медведи — самые лучшие пловцы среди хищников. Охотясь под водой, они могут надолго задерживать дыхание. И настолько хорошо чувствуют себя в воде, что заплывают очень далеко. Некоторые люди видели медведей в двадцати километрах от кромки льда. Да и скорость плывущего белого медведя впечатляет — семь километров в час! Лапшина Д. Самый русский зверь",2,1
22,"Медвежата. Медвежата рождаются зимой, пока их мама сладко спит в тёплой берлоге. Удивительно, но медведица даже не просыпается, когда на свет появляются её дети! Уж насколько огромны медведи во взрослом возрасте, а рождаются они совсем крошками — всего пятьсот граммов весом! Рождаются медвежата слепыми, беззубыми и, как почти все детёныши в животном мире, — совершенно беспомощными. Зато уже через три месяца, как раз к весне, весят по восемь килограммов — вот как быстро растут на мамином молоке. Медведица почти никогда не бывает одна. Родив потомство и немного подрастив его, она бродит по лесу в поисках пищи. А за ней, весело играя друг с дружкой, бегут медвежата — будущие грозные хозяева русского леса. Наблюдать за детёнышами интересно. По своим повадкам они очень похожи на любых малышей — так же увлечённо играют и в шутку дерутся между собой, залезают на деревья, с которых не всегда умеют слезть самостоятельно. Зовут маму, когда страшно, и прячутся за её мохнатым тёплым боком от любой опасности. Мать учит их добывать еду: показывает съедобные растения с корешками и ягодами, водит на речные отмели ловить рыбу. И вот медвежата подросли: теперь им уже год, они выглядят уже почти как взрослые, однако по-прежнему ходят за матерью. Такой взрослый медвежонок называется «пестун», и он помогает медведице растить своих младших братьев и сестёр. Но однажды наступает день, когда медвежонок-подросток должен покинуть мать и отправиться во взрослую жизнь. Когда придёт пора, медведица отведёт своих выросших детей куда-нибудь в малинник и, пока они там лакомятся, тихонечко уйдёт. Но беспокоиться за медвежат не нужно: наученные мамой, они в лесу не пропадут и очень скоро станут сильными и грозными зверями. Лапшина Д. Самый русский зверь",2,1
23,"Некоторые птицы глотают мелкие камешки, чтобы помочь пищеварению. Когда мышцы их мускульного желудка сокращаются, камни тоже приходят в движение и перетирают пищу — вместо зубов, которых у птиц нет. Крокодилы, морские львы и морские котики тоже заглатывают камни. Благодаря им животные могут глубже нырять и удерживать равновесие в воде. Чтобы достать моллюска из раковины, морские выдры переворачиваются на спину, кладут на живот плоский камень и начинают бить по нему ракушкой. Чайки разбивают раковины моллюсков о скалы, сбрасывая их с высоты. Шимпанзе и вороны разбивают камнями твёрдую скорлупу орехов. Астон,  Диана. У камня своя история: Пер. с англ. -  СПб: Изд-во Манн, Иванов и Фербер, 2015.",1,1
24,"Зачем нужны путешествия. Кто-то, быть может, спросит: а зачем вообще нужны путешествия? Для чего всё это нужно — ходить вокруг света под парусом, подниматься на горные вершины, пересекать пустыни, шагать к полюсу? А всё дело в том, что цели у путешествий очень разные. Бывают научные экспедиции, когда во время путешествия нужно выполнять научные задания: проводить различные эксперименты, собирать пробы воды, снега, грунта. Вот, например, экспедиция Георгия Седова, в которой участвовал мой дедушка, была научной: они составляли карту Новой Земли. А бывают путешествия спортивные, когда устанавливается новый мировой рекорд или проводятся гонки — кто быстрее, как в тот раз, когда мы переплывали с молодым французом океан. Цели у путешествий могут быть разнообразные, но это всегда очень интересно. Ведь каждое путешествие — увлекательное приключение, полное неожиданностей и испытаний, это встречи с новыми людьми и приобретение новых знаний. И есть одно непременное условие: настоящий путешественник должен очень любить своё дело. Любить море и горы, пустыни и снега, любить китов и белых медведей, любить свежий ветер и россыпи звёзд на ночном небе. Всю нашу прекрасную Землю путешественник должен бережно и с любовью хранить в своём сердце. Иначе никакой ты не путешественник. Конюхов Ф. Как я стал путешественником",2,0
25,"ТИГР. На солнечной поляне полосатого тигра заметить нетрудно. Но в зарослях полосы скрывают тигра, как шапка-невидимка. Даже опытный охотник не заметит его и в трёх шагах. Тигр не рычит так громко, как лев. Зато голос у него более приятный для слуха, мелодичный: «Уу-уу-унг». Его далеко слышно. Тигр очень хитёр. В Индии говорят: тигр после слона самый умный зверь в джунглях. Рассказывают также местные жители, будто, подражая криком оленю, тигр приманивает его. А когда гоняет обезьян, рычит страшно. Они, пугаясь, прыгают с дерева на дерево и часто от страха падают на землю. Тут он их и хватает. Но обычно тигр охотится на диких свиней и оленей. Голодный ест и черепах, змей, ящериц, мышей, даже саранчу и кедровые орехи. И за лягушками забавно шлёпает по болоту. Прыгает на них, как кошка на мышь. Сколько поймает, столько и съест. Для голодного и это всё-таки добыча... Тигр очень чистоплотный зверь. Добычу, прежде чем съесть, потрошит, сдирает зубами шерсть и даже кролика или утку может начисто ощипать, не повредив кожи. А когда поест, полощет зубы и рот в воде. Тигр воду любит. Нередко в жару лежит в ручье и прохлаждается. Из всех кошек только тигры и ягуары переплывают большие реки. И, бывает, подплыв незаметно, кидаются на людей в лодках. (Впрочем, рысь бобкэт тоже к воде неравнодушна: любит купаться, но широкую реку переплыть ей не по силам). Тигры водятся только в Южной Азии. У нас — в Закавказье, Средней Азии и на Амуре — встречаются редко. И. Акимушкни В мире животных",2,1
26,"ЧТО ТАКОЕ УСАДЬБА?. Усадьбы бывают городские и загородные. Это что-то вроде большого частного дома в городе или за городом, но не в посёлке, а в некотором отдалении от других владений. Особняком. В древние времена наши предки называли такие дома в сельской местности УСАД или УСАДИЩЕ. Какое слово однокоренное? Правильно, это слово САД. Значит, УСАДЬБА – это место, в котором есть сад, огород, постройки для коров, коз и курочек, гусей и лошадей, главный дом для хозяев, дома для гостей и слуг, а также много всяких домиков для технических целей: гараж для карет и повозок, склад для собранного урожая и сарай для хранения лопат и тяпок. А ещё поляна для балов на свежем воздухе и парк для неспешных прогулок. Иногда справа и слева от главного дома на одинаковом расстоянии строились уже не такие большие строения, второстепенные. Получалось, что главный дом – это голова и тело, а дома по бокам – как крылья. Это сравнение с птицей придумали уже очень давно. Поэтому второстепенные дома-усадьбы называют ФЛИГЕЛЯМИ, ведь однажды все вокруг договорились, что будут называть такие дома по-немецки, а ФЛИГЕЛЬ – это «крыло» на немецком языке. Жданов О. Архитектурные хитрости или Как удивить бабушку. – Санкт-Петербург: Издательство «Антология», 2017. – 40 с. [С.6-7]",2,0
27,"СКОЛЬКО БАШЕН У КРЕМЛЯ?. Возможно, это первый вопрос, который тебе могут задать, когда ты будешь показывать друзьям центр города. Может быть, попробуешь ответить сам? Чаще всего в ответах башен явно меньше, чем на самом деле. Дело в том, что большинство туристов смотрят на Кремль с Красной площади, а непосредственно на неё выходят всего четыре башни: Никольская, Сенатская, Спасская и Царская. Но их гораздо больше, давай разберёмся. Кремль как крепость на плане представляет собой неправильный треугольник, по двум сторонам у него по семь башен, а по третьей – ещё пять. Итак, как у тебя с математикой? 7 + 7 + 5 = 19 У Кремля 19 башен? Странно, а большинство путеводителей пишет, что башен двадцать. Где же мы потеряли одну башенку? Секрет таков. В кремлёвских стенах действительно 19 башен, но есть одна башня вне стен. Она называется Кутафья. Наши предки называли такие башни барбаканами или отводными стрельницами. Они были нужны, чтобы защищать ворота в основной башне или мост через ров. Может быть, сегодня тебе сложно представить, но когда-то на месте Александровского сада, в котором сегодня можно гулять, есть мороженое и даже брызгаться в фонтанах, был ров, наполненный водой. Через него к Троицкой башне Кремля вёл мост, который на внешнем берегу охраняла маленькая башня-стрельница. Рва давно нет, а вот мост и двадцатая башня сохранились до наших дней. Сегодня через Кутафью башню-стрельницу проходят туристы, чтобы попасть в Кремль. Конечно, по сравнению с другими башнями она выглядит маленькой и толстенькой. Поэтому и появилось её прозвище: в старину словом «кутафья» называли полную, неповоротливую женщину, закутанную во множество платков и юбок. Вот мы и нашли «потерянную» башню. Для обычных туристов у московского Кремля ровно двадцать башен. А знатоки, вроде тебя, всегда говорят: девятнадцать и одна. Запомнишь?  Жданов О. Я покажу вам Кремль. – Санкт-Петербург: Издательство «Антология», 2017. – 40 с. [С.6-7]",2,1
28,"ФЕНЕК. Хотя этот зверёк очень мал, в реальном размере в книжку не поместиться. А всё из-за огромны ушей – каждое ухо больше твоей ладошки! Эти огромные уши достались самой маленькой лисичке в мире. Живёт фенек в жаркой пустыне Сахара. Условия тут вовсе не сахарные: воды почти нет. Удивительно, но  зверёк к этому приспособился и, кажется, вполне доволен. Он может подолгу обходиться без воды, ему достаточно влаги, которая содержится в пище. В пустыне еды немного, потому лисичка не привередничает и ест всё, что найдёт: насекомых, яйца птиц, корешки и побеги растений. Может даже ядовитого скорпиона съесть! Фенек – умелый землекоп. За ночь может ловко вырыть нору с кучей тайных ходов в несколько метров длиной. Там, сидя под землей, фенек отдыхает и пережидает дневную жару. Обычно лисы любят одиночество. А вот фенек любит компанию! Маленькие лисички селятся небольшими группами и роют свои норы недалеко друг от друга. Фенек – не просто самая маленькая лисица, он самый маленький	й представитель всего семейства псовых. Длина тела 30-40 сантиметров, а вес всего полтора килограмма. Как и у любой другой лисы, у фенека есть пушистый хвост, только он в длину не больше школьной линейки. Есть у зверька ещё одно полезное приспособление для жизни в пустыне: подушечки его лап покрыты густой шерстью, которая защищает лапки от раскалённого песка. Габеева Н. Животные-малютки. Кто на свете меньше всех?. – Москва: Издательство «Настя и Никита», 2017.",2,1
29,"МЫШИНЫЙ ОЛЕНЬ. Олени – животные крупные и сильные, но про мышиного оленя так не скажешь. Ведь этот малыш даже не олень, а оленёк. Так называют семейство маленьких животных с копытцами. Живёт мышиный олень в тропических лесах Индонезии. Местные жители называют его канчúль. Днём скрытный зверёк прячется в густых зарослях, а вечером, когда стемнеет, выходит кормиться. Он осторожно переступает своими крошечными копытцами по опавшим листьям и ищет, чем поживиться. Ест всё, что найдёт на земле: семена, грибы, упавшие с дерева плоды. С рассветом мышиный олень снова прячется. В этом деле он куда более ловкий, чем его большие собратья. Например, может вскарабкаться на небольшую высоту и спрятаться в дупле дерева. Индонезийцы считают оленька хитрецом и издавна сочиняют про него поговорки и смешные сказки. В них он то медведя обхитрит, то тигра. Как-то даже обвёл вокруг пальца сто пятьдесят голодных крокодилов! Хитрит он также ловко, как лисица в русских народных сказках. Интересно, вот если бы мышиный олень и лиса встретились, кто бы кого перехитрил? У этого лесного жителя нет рогов, как у крупных оленей, но зато есть клыки! Они нужны, чтобы разрывать плотную кожуру плодов или, если требуется, укусить соперника. Олень-малютка ростом с домашнюю кошку! Ножки у оленька тоненькие, совсем как карандаши, а длина тела не больше 50 сантиметров. Весит зверёк около 2 килограммов. Нет, кошки всё-таки тяжелее! Мышиный олень – самое маленькое парнокопытное животное на Земле. Габеева Н. Животные-малютки. Кто на свете меньше всех?. – Москва: Издательство «Настя и Никита», 2017.",2,1
30,"Слово о книгах. Не надо думать, что книги всегда были такими, какими ты видишь их теперь перед собой. В старину книги писались от руки. Работа продвигалась медленно. На изготовление одной книги уходило иногда пять-семь лет. Писец должен был обладать чётким и красивым почерком. Каждая буква часто даже не писалась, а рисовалась. Подбирались чернила, писали даже растворённым золотом или серебром. Начальную строку новой главы выделяли красными чернилами, отсюда пошло выражение — писать с красной строки. Для зачинки перьев — гусиных, лебяжьих, павлиньих — применяли ножички. Сделает писец ошибку, заметит и подчистит ножичком, покроет подчищенное место белилами и напишет вновь. Переписанные листы украшали рисунками, одевали в переплеты из деревянных досок, обтянутых кожей. На обложках помещали драгоценные камни, золотые или серебряные застёжки. (Е. Осетров) (114 слов)",3,1
31,"Суворов с детства мечтал стать военным. Однако он был слабым и болезненным мальчиком. «Ну где же тебе быть военным! – смеялся над ним отец. – Ты и ружья не поднимешь!». Слова отца огорчили Суворова. Он решил закаляться. Наступят, бывало, зимние холода, все оденутся в тёплые шубы или вовсе не выходят из дому, а маленький Саша накинет лёгкую куртку и целый день проводит на улице. Наступит весна. Только вскроются реки, ещё никто и не думает купаться, а Суворов – бух в студёную воду. Его не страшили теперь ни жара, ни холод. Мальчик много ходил, хорошо научился ездить верхом. Суворов окреп. В шестнадцать лет он поступил на военную службу. Семьдесят лет прожил Суворов. Пятьдесят четыре из них он провёл в армии. Начал службу простым солдатом. Кончил её фельд-мар-ша-лом и ге-не-ра-лис-си-му-сом. Тридцать пять больших боёв и сражений провёл Суворов. Во всех он был победителем.  Сергей Алексеев (138 слов) ",3,1
32,"КАК ПОСВЯЩАЛИ В РЫЦАРИ  ( 3 класс). ...Ночь юноша-оруженосец провел в храме. Здесь, под темными сводами, в полной тишине, он стоял на коленях у одного из алтарей, где мерцали свечи перед изображением Георгия Победоносца, покровителя рыцарства. Огоньки тускло поблескивали на металле тяжелых доспехов, лежащих тут же перед алтарем. Но вот сквозь разноцветные стекла витражных витрин в храм проникли первые солнечные лучи. Юноша терпеливо ждал. Наконец загремели тяжелые засовы железных дверей. Теперь оруженосцу предстояло омовение в приготовленной ванне — в знак начала новой жизни. Потом он снова вернулся в храм. Храм уже был заполнен разряженной веселой толпой родственников и гостей, съехавшихся из всех окрестных замков. Епископ начал молитву. Оруженосец смиренно исповедался, причастился и опустился перед епископом на колени. Тот благословил его меч и вручил оружие будущему рыцарю. И тогда наступил самый волнующий, самый торжественный момент. Рыцари, молодые дамы и девушки облачили юношу в доспехи. Он преклонил колени перед своим сеньором, и тот трижды прикоснулся к его плечу мечом со словами: «Во имя Божие, во имя Святого Михаила и Святого Георгия я делаю тебя рыцарем, будь храбр и честен». Впереди торжественный пир в честь нового рыцаря, но прежде ему надо показать всем гостям свое воинское искусство. У выхода из храма ждал боевой конь; не касаясь стремян, юноша вскочил в седло и промчался во весь опор перед зрителями с копьем наперевес. Меткий удар, и чучело, облаченное в рыцарские доспехи, отлетело шагов на двадцать в сторону. Гости разразились криками восторга... Тысячи, десятки тысяч раз повторялись в средневековой Европе такие сцены. Вчерашний оруженосец после обряда посвящения становился полноправным членом особой касты — рыцарского сословия. Рыцарство - порождение Средневековья. Рыцари были высшим классом среди воинов. Ночное бдение при оружии Дословно на всех европейских языках слово рыцарь означает «всадник», и не случайно — рыцари всегда сражались верхом. И появилось рыцарское сословие в системе феодальных отношений потому, что не могло не появиться. Рыцари стали единственной реальной силой, которая нужна была всем. Королям, чтобы использовать ее против соседей-королей, против непокорных вассалов, крестьян и церкви. Феодалам помельче — графам и герцогам — против короля, соседей и крестьян. Крестьянам — против рыцарей, дававших  вассальную клятву соседним владыкам. Такое разобщение — все против всех — и стало причиной возникновения рыцарства в IX-X веках. («Я познаю мир», Рыцари.2007 - стр. 7-10)",3,0
33,"Что такое папирус?. Первым и главным открытием египтян было открытие письменности. Уже в IV тыс. до н. э. было открыто так много полезных знаний, что их нельзя уже было удержать в памяти. Появилась необходимость в их сохранении и передаче последующим поколениям. Это привело к созданию одной из самых древних систем письма в мире. Сначала египтяне больше рисовали, чем писали. Когда нужно было обозначить нужное слово, делали маленький рисунок. Всем были понятны эти рисунки в виде фигурок льва, орла, плуга. С помощью простых фигурок египтяне обозначали и более сложные понятия. Так, человеческий глаз со слезами означал «плакать», а человек со связанными руками — «пленный». Отдельные знаки — рисунки называются иероглифами. На письме употреблялось около 750 иероглифов. Египтяне открыли удобнейший материал для письма, похожий на нашу бумагу. Назывался он папирус. Папирус — самое любимое и самое жизненно необходимое растение древних египтян. Большие заросли этих высоких тонких растений, похожих на гигантских размеров камыш высотой в 5—6 м, тянулись вдоль берегов Нила. Папирус^ играл важную роль в жизни древних египтян. Долгие годы он заменял местным жителям пищу, дрова, служил для многих бытовых нужд. Его корневище, очень сочное и мягкое, было излюбленным лакомством детей. Вареная или жареная часть стебля была даже деликатесом. Из папируса изготовляли обувь, одежду, веревки, циновки и прочее. Папирус оказался редким строительным материалом. Он служил в качестве корабельного леса. Это неопровержимо доказал выдающийся норвежский учёный и путешественник Тур Хейердал, который построил из папируса лодки «Ра-1» и «Ра-2» и отправился на них в длительные путешествия. Однако мировую известность папирусу принесло его применение в изготовлении писчего материала. Интересно, что само слово «бумага» (по-английски «paper») на языках многих народов сходно по звучанию со словом «папирус». В этом качестве папирус пользовался исключительным спросом во всех странах Средиземноморья. В обмен на папирус египтяне получали  любые товары. Для изготовления писчего материала была пригодна лишь нижняя, наиболее толстая часть папирусного стебля, находящаяся в воде. С неё снимали верхний зелёный слой, обнажая белую волокнистую сердцевину. Её разрезали на узкие тонкие полоски, укладывали параллельно друг другу и подклеивали одну к другой. Клейстер делали из пшеничной муки высшего качества, заваренной кипятком. Затем на уложенные полоски наваливали груду камней, которые выполняли роль пресса. Хорошо отпрессованные и высушенные листы папируса подклеивали один к другому. В результате получалась длинная лента, её скатывали в трубки и перевязывали шнурком. Длина некоторых известных учеными, папирусов колеблется от 10 до 45 м. Писали на папирусе при помощи кисточки из стебля того же растения. Вместо чернил употребляли тушь из сажи, замешанной на клеевой воде. Для особых надобностей писец мог пользоваться красной краской. (История и религия.,1995 – стр.16-18)",3,0
34,"ПАВЛИН. Павлины относятся к декоративным птицам. Цвета яркие — синие, зелёные, оранжевые. Они очень хорошо бегают. Длина перьев — 1,3 метра. Хвост павлина распускается красивым веером. Питаются растительностью, мелкими животными. Людей привлекают своей красотой, длинными, красивыми перьями и мясом — вкусное мясо. Живут в странах Азии, на островах Цейлона и Индонезии. В городе Серпухове Московской области павлин изображён на гербе города. Беневоленская, Валентина.  Птицы. – М., 2014. – 47 с.: ил.",1,2
35,"Динозавры. Как о них узнали? Если динозавры вымерли миллионы лет назад, когда еще не было людей, то, как же люди о них узнали? Сначала даже и не догадывались. А когда находили в земле огромные, чудовищные кости, думали, что это останки каких-то древних великанов, живших до всемирного потопа. Гигантские кости даже показывали в церквях. И сочиняли сказки. Правда, не только о великанах: ""Дракон-молния, раненный в битве, упал на землю и умер. Кости его глубоко вошли в землю и стали каменными..."" Это монгольская сказка. В великой пустыне Гоби, где кочевали монголы, находились целые кладбища динозавров. И некоторые скелеты так хорошо сохранились, что, глядя на них, можно было представить чудовищный-драконий-облик. Огромное скопление костей динозавров, полузанесенное песками, есть и в другой великой пустыне - Сахаре. Да и вообще по всему миру они встречаются - в Западной Европе и Северной Америке, в Австралии и под вечными льдами Антарктиды. Ведь когда-то динозавров были многие миллионы, и они бродили по всей Земле, плавали и летали - никто им тогда не мешал. Как их окрестили? Кости динозавров находили с самой глубокой древности. А догадались, что это останки вымерших животных, только в начале 19 века. Доказал это ученый Ж.Кювье; он стал отцом науки о древних обитателях Земли - палеонтологии. А другой ученый, Ричард Оуэн, предложил назвать вымерших чудовищ ДИНОЗАВРАМИ, что в переводе с греческого означает ""сильные, страшные, тяжеловесные ящеры"". Но название оказалось ошибочным. Далеко не все динозавры были такими уж огромными. Кроме великанов, были и помельче: с быка, с кошку величиной, даже с суслика. Это узнали, изучая и динозавровые кости, и оставшиеся в закаменевшей глине древние следы, и даже сохранившиеся динозавровые яйца. И узнали о динозаврах уже очень много. Какие они были? Очень разные, но выводились все из яиц. Гнезда не строили, откладывали яйца прямо на землю. Это ученые узнали по тому, что многие окаменевшие яйца - цветные: зеленоватые, коричневые и крапчатые, чтобы хищникам трудно было находить их в траве или в скалах. И не круглые или овальные, как у курицы, а вытянутые, в бугорках, бороздках - может, чтобы не скатывались с камней? Самое большое яйцо - 80 см длиной. Восемьдесят! Это какой же младенчик из него вылупился? Со здоровенную собаку величиной! Может, именно этому выросшему младенчику принадлежит самый большой из найденных след динозавра - 2 метра длиной! Сивка-Бурка. Иллюстрированные рассказы о животных.- http://www.comics.ru/zoo/index.htm",3,1
36,"Ганс Христиан Андерсен. Часто в своём творчестве писатели стремятся подарить окружающим то, чего им не хватало самим. Например, как датчанин Ганс Христиан Андерсен. Он вырос в нищете, и ему всегда хотелось, чтобы в жизни произошло чудо. Эту мечту помогли осуществить волшебные сказки. Ганс появился на свет в семье башмачника и прачки. Родители еле сводили концы с концами. После смерти отца Андерсену пришлось устроиться на работу, чтобы хоть как-то прокормиться. Со сверстниками Ганс не общался, и единственным развлечением будущего писателя была игра в кукольный театр. Он часто устраивал свои собственные домашние спектакли для семьи и соседей. Ганс и театральные подмостки В 14 лет Андерсен решил уехать в Копенгаген в поисках счастья — он хотел устроиться на работу в театр. Долговязого, непривлекательного, но с приятным голосом юношу всё же пустили на сцену играть второстепенные роли. Но вскоре у него началась ломка голоса, и Ганса уволили. Добрые люди сочувствовали Андерсену и помогли получить у короля Дании разрешение на бесплатное обучение в школе. Учёба стала для Ганса настоящим испытанием: Андерсен был на шесть лет старше своих одноклассников, но критиковали его так, будто он самый несмышлёный и глупый. После окончания учёбы Андерсен начал писать стихи, пьесы, рассказы, романы. В 1835 году одновременно вышли из печати роман «Импровизатор» и первый сборник «Сказки». Роман хвалили критики, а вот сказки даже сам Андерсен воспринимал довольно прохладно. Ганс Христиан всё больше и больше начал писать для взрослых — ему хотелось закрепиться в звании «серьёзного» писателя. Андерсен выпустил ещё несколько сборников сказок, которым снова отвёл второстепенное место в своём творчестве. А между тем именно в книгах 1840-х годов были опубликованы «Стойкий оловянный солдатик», «Гадкий утёнок», «Оле-Лукойе», «Снежная королева», «Девочка со спичками». Эти произведения вписали имя Андерсена в историю мировой литературы. Не все сказки писателя заканчиваются счастливой развязкой — так Ганс стремился к реализму в своих произведениях и заставлял читателя думать. Андерсен ужасно боялся пожаров и поэтому всегда носил с собой верёвку, чтобы в экстренном случае выбраться с её помощью через окно. Богуменская А.С. Писатели.- М., 2016",3,0
37,"Мир рыцарей. Как воспитывался рыцарь? Воспитание рыцарей начиналось рано. Уже в семи летнем возрасте ребенок становился пажом, это значило, что мальчик из-под попечения женщин переходил в мужскую школу. В образовании пажей обращение с рыцарским оружием играло второстепенную роль, потому что сначала мальчик должен был изучить рыцарскую азбуку: ездить верхом, плавать, стрелять из лука, вести кулачный бой и устанавливать ловушки для птиц. В этом ему помогали отец, братья или воспитатель. Потом, в возрасте 14 лет, паж должен был покинуть родительский дом, чтобы уже в качестве оруженосца продолжить свое образование у другого рыцаря. Наиболее предпочитаемым местом для этого были княжеские дворы, так как именно там полного надежд молодого человека могли быстрее заметить и помочь ему быстрее сделать карьеру. Целью образования оруженосца было полностью подготовить рыцаря. Прежде всего тренировали точность попадания при беге с копьем, а также про водили учебные бои с мечом, булавой и боевым топором. При этом следили, чтобы оруженосец обращался с оружием одинаково хорошо обеими руками. От юношей также требовались хорошие манеры. Воспитанный оруженосец должен «уметь танцевать и добиваться расположения, он должен также знать настольные игры и все другое, что может его украсить». Особенно трудным для некоторых, очевидно, было правильное поведение за столом. Популярная в те времена книга по воспитанию настойчиво призывает будущих рыцарей есть своей ложкой, не отрыгивать, не сморкаться в скатерть и не класть обратно в блюдо откусанный хлеб и обглоданные кости. Наставления заканчиваются многозначительным указанием: «У кого еда во рту, не должен пить, как скотина». Если для мальчиков образование начиналось в семь лет, то и девочек уже с детства готовили к взрослой жизни. С раннего возраста их посвящали в обязанности домохозяйки и матери. Повзрослевшие дочери должны были соответственно сословию выйти замуж и быть способными вести хозяйство своего супруга, а в его отсутствие брать на себя управление замком. Девочек обучали ткачеству, прядению или вязанию. Многие также учились читать и играть на музыкальных инструментах. Тарновский В. Рыцари.- М.,2010",3,0
38,"КТО МОЖЕТ УДЕРЖАТЬ БАЛКОН?. Чтобы удержать балкон, карниз или даже крышу здания, нужны огромные силы, которых у человека быть не может. Это могут сделать только супергерои или какие-то мифические существа. В архитектуре даже есть два типа фигур таких существ: АТЛАНТЫ и КАРИАТИДЫ. Начнём с АТЛАНТОВ. Судя по древнегреческим мифам, АТЛАНТ был титаном, это почти как бог, только помладше. Он обладал такой невероятной силой, что мог удержать небо руками. Однако титаны почти десять лет воевали с олимпийскими богами и потерпели поражение, а сам АТЛАНТ был превращён в камень, в скалу. С тех самых древнегреческих времён АТЛАНТОВ в виде очень мускулистых парней с грустными или напряжёнными лицами используют вместо колонн. Например, их можно увидеть у входа в Новый Эрмитаж в Санкт-Петербурге или на доме короля российского фарфора Кузнецова в Москве. КАРИАТИДЫ муки и грусть от непосильного груза совсем не испытывают. КАРИАТИДЫ – это фигуры одетых женщин, которые так же, как и атланты, поддерживают балконы, карнизы и крыши различных строений, но делают это без помощи рук. Видимо, у этих женщин очень сильная шея. В архитектуре принято взваливать балконы и карнизы прямо на голову КАРИАТИДАМ, при этом на их лицах можно увидеть полное равнодушие или даже лёгкую улыбку. Среди них есть и специальное подразделение супертяжеловесов. Их называют КАНЕФОРАМИ, а распознать представительниц этого элитарного подразделения можно по корзине с цветами и фруктами на голове. В Москве есть знаменитый «Дом с кариатидами» в Печатниковом переулке, а в Санкт-Петербурге кариатиды есть, к примеру, на фасаде дворца графа Строганова на Невском проспекте. Жданов О. Архитектурные хитрости или Как удивить бабушку. – Санкт-Петербург: Издательство «Антология», 2017. – 40 с. [С.13-14]",3,0
39,"РУССКОЕ УЗОРОЧЬЕ. В России леса всегда было много, а камня довольно мало. Поэтому много сотен лет в нашей стране строили преимущественно деревянные дома, дворцы, крепости. Строили так хорошо, что сельский деревянный дом мог простоять без крупного ремонта 100-150 лет. Сейчас жилые дома такой надёжности строить не умеют. Из традиций деревянного зодчества – строительства хором, палат и теремов – родилась русская архитектурная традиция уже в камне. Если ХОРОМЫ – это большой деревянный дом, то его каменную версию уже называли ПАЛАТАМИ, в которых роль фасада с балконом над входом играл ВЫСОКИЙ ТЕРЕМ. Также ТЕРЕМОМ называли роскошный по тем временам особняк или усадьбу. Наш собственный стиль развивался много веков и своего пика достиг в первой половине XVII века при царе Алексее Михайловиче, это отец Петра Первого. Узнать этот стиль очень просто: дома и храмы в стиле РУССКОГО УЗОРОЧЬЯ похожи на пряники. Пузатые колонны, двойные арки дверей и окон, фасады украшены кокошниками, богатая роспись внутри и изразцы снаружи, высокие крыши, похожие на шатры. Внешне всегда кажется, что они очень лёгкие и воздушные, как безе. В Москве в таком стиле построено много церквей, например, Рождества Богородицы в Путинках или Григория Неокесарийского на Большой Полянке. А вот в Санкт-Петербурге, к сожалению, зданий в этом стиле нет. Это потому, что город основали и начали строить во времена, когда в моду вошёл уже другой стиль, и назывался он БАРОККО. Жданов О. Архитектурные хитрости или Как удивить бабушку. – Санкт-Петербург: Издательство «Антология», 2017. – 40 с. [С. 19-20]",3,0
40,"Как спастись от жажды в лесу. Представьте, что вы отправились в поход  на два или три дня? Где взять воду, чтобы утолить жажду? Если на вашем пути будут деревни с колодцами, тогда всё вроде бы ясно. А если ваш маршрут проходит по лесным местам, где жилья нет? Даже в незнакомом лесу вы всегда встретите 	ручьи, родники, озёра или болотистые водоёмы, вода в которых  не слишком хороша на вкус, но при соответствующей обработке годна для питья. Как же найти такую воду? Заметный уклон местности, появление папоротников и болотных растений, тропы, сбегающие в одно место, указывают путь к воде. Даже колонна муравьёв, движущихся в жаркую погоду в определённом направлении, выведет к воде. Пусть это будет не ручей, а всего лишь яма или дупло, заполненное дождевой водой, но это – вода! Если вы видите, что собирается дождь, расстелите на полянке полиэтиленовую плёнку, и через 30–40 минут на ней соберётся достаточное количество небесной влаги. Ранним утром  можно набрать воды, смачивая носовой платок в холодной росе и отжимая его в кружку. Много не наберёте, но попить хватит. Но как  эту воду сделать пригодной для питья? Ведь способы очистки, которыми пользуются специалисты, вам недоступны. Во-первых, воду из незнакомого источника можно прокипятить. А ещё её можно обеззаразить, используя йод или марганцовку из походной аптечки. Йода нужно 2 чайные ложки на ведро воды (1–2 капли на стакан), а кристалликов марганцовки – ровно столько, сколько потребуется для того, чтобы вода стала светло-розовой. Во-вторых, воду можно обеззаразить и с помощью настоящего фильтра. Если в вашем распоряжении есть пустая консервная банка, то, пробив в ней множество мелких отверстий, заполните её на одну треть древесным углём, положите 2–3 слоя марли (в походной аптечке всегда есть бинт) – и фильтр готов! Уголь, взятый прямо из потухшего костра, мало подходит для устройства фильтра. Лучше всего приготовить его специально. Для этого кусочки дерева лиственных пород сжигают в закрытой посуде на сильном огне.(301 слов) ( По материалам сайта АиФ «АиФ Детская Энциклопедия». 2006, N 10  Сабельникова С.И. Сборник текстов для проверки навыков чтения: 4 класс. – М.: ВАКО, 2011.",4,0
41,"Почему снег белый?. 	В городе снега почти не видно. Не успеет он покрыть тротуары и мостовую, как тут же появляются дворники со скребками и метлами, снегоуборочные машины со своими металлическими лапами. Машины ловко собирают снег, отправляют его на грузовик, глядишь – а снега уже нет, он вывезен куда-то, подальше от больших людных улиц. Если и залежится где-нибудь снежок, то очень скоро он потеряет свою безупречную белизну, почернеет от копоти и дыма.  	То ли дело за городом, в лесу! Особенно после обильного снегопада. Да еще в ясный морозный денёк!.. Идешь по тропинке, а еще лучше – на лыжах среди деревьев. В лесу тихо. Только слышно, как скрипит снег под ногами – это ломаются хрупкие кристаллики-снежинки, да черный дятел в красной шапочке долбит ствол своим крепким клювом, добывает себе еду на обед. А вокруг лежит чистый снег, и ослепительная белизна его даже глаза режет.  	Помню, как-то мне привелось ехать на санках по зимней дороге. Вокруг расстилались белые поля, вдоль дороги стояли запорошенные снегом кустарники и деревья. Белым-бело… Казалось, на свете нет другого цвета, кроме белого. И эту белизну я особенно почувствовала, когда вдруг впереди, справа от дороги, мелькнуло нечто ярко-красное. Словно на снег бросили громадный драгоценный камень – рубин; мне даже казалось, что это красное пятно сверкает! А была то просто нарядная птица наших зимних лесов – снегирь. Он прыгал, скакал, перепархивал с ветки на ветку; с веток, сверкая на солнце, осыпалась снежная пыль, и снегирь со своей красной грудкой тоже блестел, а снег вокруг был белый-белый, чистый, пушистый.  	В чём же секрет белизны снега? 	Пожалуй, «виноват» тот же разноцветный солнечный луч.  	Какого цвета лёд? Никакого. Он бесцветный.  	Почему? 	Потому что он пропускает через себя весь солнечный луч, целиком, и остаётся бесцветным. Таков закон природы. Если бы лёд не пропускал, а поглощал луч солнца целиком, все его цвета, мы бы видели его чёрным. Но лёд не задерживает, не поглощает и лишь частично отражает солнечные лучи. Поэтому он бесцветный и блестящий.  	Каждая снежинка, каждая красивая звёздочка в отдельности свободно пропускала бы через себя весь солнечный луч, как лёд, и тоже была бы бесцветна. Но снежинки в беспорядке падают друг на друга, лежат рыхлой массой; все вместе они становятся непрозрачными и потому не могут пропустить через себя весь луч солнца. Они его целиком отражают нам в глаза. А ведь луч солнца, солнечный зайчик, - белый! И снег потому мы видим белым.  	Но утром, в часы восхода, лучи кажутся нам золотисто-розовыми, и освещенный ими снег тоже становится золотисто-розовым. Он может быть еще и зелёным, и красным, если его освещают праздничные новогодние огоньки на ёлках, устроенных под открытым небом, в парке. Любой цвет, падающий на снег, целиком отражается беспорядочно лежащими снежинками.  	Но на снег обычно падает солнечный свет. И снег потому ослепительно белый, что он отражает солнце, чистейший свет белого солнечного луча.               Гумилевская М. В. «Почему так бывает?» - М.: Издательство ОНИКС-ЛИТ, 2013. – 192 с.: ил.",4,0
42,"Трудно жить в холоде. Но многие звери, птицы и насекомые водятся в суровых зимних краях. Некоторые живут в холоде круглый год. У пингвинов плотное оперение — 12 перьев на квадратный сантиметр. Пух в основании перьев греет их, как нижнее бельё у человека, удерживая тёплый воздух. У пингвинов пёрышки плотные, словно шуба. Ветер в Антарктиде сильный, но ни одно перо не шелохнётся. Ещё защищает пингвина жир под кожей. Яйцо, где растёт пингвинёнок, папа-пингвин держит на лапах целых два месяца. Нельзя уронить яйцо в снег — малыш сразу замёрзнет! Так и стоит пингвин на ветру и морозе, не шевелится. Зверей от холода тоже спасают тёплые мохнатые шубы. Овцебыку, белому медведю, песцу в другом климате будет жарко в такой «одежде». Мех и жир песца так хорошо удерживают тепло, что он не замёрзнет и при 40 градусах мороза. Большинство животных, приспособленных к холодной среде, имеют округлую форму, которая сохраняет тепло лучше, чем узкая и продолговатая. Если шубейка не очень тёплая и еду под снегом искать трудно, звери могут впасть в спячку. Забираются в норку и дремлют до тех пор, пока не станет хоть немного теплее. Так поступают многие лесные животные. Большому бурому медведю не найти зимой еды, вот и укладывается он спать в берлогу. Бурые медведи обычно устраивают берлоги в сухих местах, в углублениях под буреломом или в расщелинах скал. Зимой у медведицы рождаются два-три крошечных медвежонка, которых она кормит молоком и согревает своим дыханием. С наступлением весны медвежата покидают берлогу вместе с медведицей, но она продолжает о них заботиться ещё несколько лет. Маленькому суслику тоже нечего зимой в поле делать. Когда животное засыпает, сердце у него бьётся медленнее. И все остальные органы тоже работают медленнее, поэтому ему не нужно столько еды, как при бодрствовании. Летучие мыши, обитающие в средней полосе, зимой прячутся в укромных местах и впадают в спячку. Температура тела у них понижается, и они сильно худеют. Но только пригреет солнце, они опять оживают, как ни в чём не бывало. Человек так не умеет. Поэтому он придумывает другие способы защиты от холода. Нужна тёплая одежда. Её шьют из оленьих шкур. Домашний северный олень произошёл от дикого северного оленя, который и сейчас живёт на Крайнем Севере. Люди приручили этих сильных красивых животных две-три тысячи лет назад. Олений мех не намокает и хорошо сохраняет тепло. Круглый год олени пасутся под открытым небом, не требуя от человека ни пищи, ни крова. Разводят их для получения мяса, шкур и кожи. Из оленьих шкур шьют не только одежду, но и спальные мешки, сапоги-пимы и делают обшивку для лыж. Кроме того, олени используются как транспортное средство.  Люди в Арктике строят себе тёплые дома. Например... из снега. Такой дом называется «иглу». Он словно огромная чайная чашка, перевёрнутая вверх донышком. Если в снежном доме развести огонь, то будет так же тепло, как в обычной городской квартире. Иглу придумали эскимосы. Эскимосы — жители Северной Америки — строили куполообразные жилища из снежных глыб, где даже двери, окна и нары для спанья были ледяными. Стены иглу обвешивали шкурами. Отапливались и освещались они каменными лампами с фитилями из мха. В домах было так тепло, что их обитатели могли снять верхнюю одежду. Жители Арктики, конечно, привыкли к морозу. Но всё равно с нетерпением ждут, когда закончится долгая зима. Хотя и летом в тундре не очень жарко. Но зато светло! Это зимой солнце почти совсем не показывается из-за горизонта, и приходится несколько месяцев сидеть в темноте! Зато летом возле полюсов солнце светит и днём, и ночью. Колпакова,  Ольга.  Занимательное природоведение для малышей. – М.: Белый город, 2013. - 143 с.: ил. – (Моя первая книга).",4,1
43,"У других бабочек главное – крылья: в них вся красота, а голова, грудка, брюшко даже незаметны. У бражников прекрасно всё. Грудка и брюшко покрыты нежнейшим мехом и нередко очень ярко окрашены. Крылья узкие и длинные, бархатные и как будто тёплые. Бражники - ночные бабочки. Днём они сидят где- нибудь в укромном месте, а ночью… Ночь всегда таинственна. И бражникам передаётся часть этой таинственности. Они летают при свете звёзд под крики сов и филинов. Стремительно проносятся среди чернеющих стволов, бесшумные, неуловимые. О бражниках можно многое рассказать. Они - самые лучшие летуны среди бабочек, развивают скорость до 50 километров в час. Питаются бражники цветочным нектаром, но в отличие от других бражников не садятся на цветок, а зависают возле него, как знаменитые птички колибри. Хоботок у бражников чаще всего длинный, чтобы удобно было добывать нектар. Например, у вьюнкового бражника хоботок длиннее тела. А вот у бражника «мёртвая голова» (на спинке у этой бабочки рисунок в виде черепа) хоботок короткий: она питается не нектаром, а соком, вытекающим из ранок на стволах деревьев. Днём, когда бражники отдыхают, их передние неярко окрашенные крылья лежат поверх задних. Поэтому бабочку трудно увидеть: она сливается с окружающим фоном. Самый красивый из всех наших бражников олеандровый. Рисунок его крыльев и всего тела напоминает прекрасный мрамор. Эта бабочка обитает на юге нашей страны, там где встречается растение олеандр. Его листьями и питается гусеницы бражника. К сожалению,  почти все наши бражники - редкие бабочки и нуждаются в охране. (235 слов)  ( По А.А.Плешакову) https://resheba.ws/naurok/nachalnye_klassy/text-10182837.html",4,1
44,"Марк Твен  . Марк Твен — псевдоним Сэмюэла Клеменса, замечательного американского писателя. Он был умным сатириком, признанным мастером весёлых коротких рассказов, автором всемирно известных повестей и романов. Большинство произведений Твена связано с традициями весёлого народного юмора Америки. Это придаёт его многочисленным рассказам особую прелесть и яркую национальную окраску. Из устных повествований, бытующих среди простых людей Америки — фермеров, золотоискателей, лесорубов, — Твен заимствовал и для своих рассказов смешные преувеличения, нелепые фантазии, грубоватые шутки, спокойствие и простодушие, с которым сообщается о самых необыкновенных происшествиях. В то же время Твен замечает комическое в самых обыденных и незначительных явлениях и рассказывает о них необычайно живо, увлекательно, неизменно вызывая весёлый смех читателя. Человек отдаёт свои часы в починку, и это становится началом нелепых и смешных событий («Мои часы»). То часы так безудержно спешат, что заставляют своего хозяина опередить на 30 дней календари всего мира, то они отстают и уводят его в такое далекое прошлое, что «мир уходит вперёд и скрывается из виду». Но в юмористических рассказах Твена показаны и те стороны американской жизни, которые были ненавистны писателю: жажда наживы, торгашеский дух буржуазии и мещанства, лицемерие тех, кто утверждает, что Америка — страна подлинной демократии и свободы. Герой рассказа — сам Марк Твен, который якобы баллотировался в губернаторы, но не выдержал предвыборной кампании и написал заявление о снятии своей кандидатуры, подписав его так: «Подлый Клятвопреступник, Грязный Взяточник, Монтанский Вор, Осквернитель Трупов, Белая Горячка» и тому подобное, то есть перечислил все эпитеты, которыми награждали его политические противники. Твен — наблюдательный художник, тонкий психолог — прекрасно знал жизнь и быт простых людей Америки, американского провинциального мещанства, буржуазии. Собственный жизненный опыт писателя столкнул его с людьми разнообразнейших положений и профессий. Сын провинциального судьи, он с двенадцати лет стал сам зарабатывать себе на жизнь: сначала он был учеником в типографии, потом наборщиком, лоцманом на пароходе, золотоискателем и, наконец, журналистом. Из воспоминаний о реке Миссисипи и о пароходе, на котором плавал юный лоцман, возник и псевдоним Сэмюэла Клеменса. «Марк Твен» — лоцманский термин при измерении глубины реки.  Воспоминания о детских годах вдохновили Твена на создание двух книг, посвящённых мальчикам Тому и Геку. Это — «Приключения Тома Сойера» (1876) и «Приключения Гекльберри Финна» (1884), завоевавшие писателю и его героям любовь юных читателей всего мира. Том и его друзья ищут романтических приключений и свободы вдали от атмосферы провинциального город ка, от скуки и ханжества религиозных воскресных школ, от грубого невежества и нудных наставлений школьных учителей.  Твен не мог относиться равнодушно к такому позорному явлению американской жизни, как рабовладение. В повести о маленьком свободолюбивом бродяге Геке Финне большое место занимает его друг — чёрный невольник, беглый негр Джим, описанный автором с большой симпатией и уважением. Вместе с Геком в поисках свободы они странствуют на плоту по реке Миссисипи: Гек рад избавиться от свой «благодетельницы» — бога- гой вдовы, надоевшей ему ханжескими наставлениями и проповедями, Джим стремится попасть в те штаты, где нет рабовладения. Тема негритянского рабства, к которой писатель обращался и в дальнейшем, не теряла своей злободневности, несмотря на то, что в 60-х годах XIX века рабовладение было отменено в Америке. Угнетение негров, расовое неравенство продолжали существовать и в 70-х, и в 80-х годах, когда Твен писал свои книги о Томе и Геке. С любовью и сочувствием к простому народу написал  увлекательную историю «Принц и нищий» (1882), переносящая читателя в Англию XVI века. Приключения нищего мальчика, который по сказочной случайности стал добрым и справедливым королём Англии, и маленького короля, превратившегося в нищего, насыщены глубоким содержанием. Социальное неравенство, нищету народных масс, произвол — всю страшную и горькую правду о несправедливом общественном строе узнал маленький король, покинувший на время великолепные залы своего дворца. (Литература и искусство, 1995 – стр. 204-206)",4,3
45,"Пингвин. Пингвины — морские птицы. Они летать не могут; хорошо плавают и ныряют. Эта птица имеет 18 видов. Есть малые пингвинчики — до 40 сантиметров, вес небольшой, от килограмма до 3 килограммов. Оперение густое, с водонепроницаемыми перьями. Жир внутри помогает птицам от холода. У них нет крыльев, для передвижения в воле помогают ласты. Цвет со стороны спины тёмный, впереди белый. Питаются они рыбой, кальмарами, креветками. Живут семьями в больших колониях. Жилища себе устраивают в норах земли, в углублениях скал. В воспитании, кормлении принимают участие оба родителя. Птенцы под наблюдением взрослых объединяются в группы. Живут в Антарктиде, на побережье Австралии, в Южной Америке, Африке. Беневоленская, Валентина.  Птицы. – М., 2014. – 47 с.: ил.",1,2
46,"РОЖДЕНИЕ СОЛНЕЧНОЙ СИСТЕМЫ. Силы тяготения играли решающую роль в образовании нашей Солнечной системы. Впервые всерьез задумываться о том, как могли образоваться Солнце и вращающиеся вокруг него планеты, стал немецкий философ Иммануил Кант. В 1755 г. он опубликовал свое сочинение «Всеобщая естественная история и теория неба», в котором предполагал, что Солнечная система возникла из первоначальной туманности. Говоря современным языком — из гигантского газопылевого облака. Во времена Канта многие люди верили, что Вселенную создал бог, и с тех пор она существует в неизменном виде. Кант впервые заговорил о космогонии (греч. kosmogonia — «происхождение мира»), то есть стал рассматривать Солнечную систему в ее развитии. Он осторожно утверждал, что для образования Солнца и планет достаточно первичного материала, а также сил, которые открыл и описал физик Исаак Ньютон, в частности силы тяготения. Божественного вмешательства в процесс образования Солнечной системы не требуется. Для времени, в котором жил Кант, это была очень смелая мысль. Современные взгляды на происхождение нашего Солнца и окружающих его планет во многом похожи на теорию Канта. Ученые предполагают, что около 5 миллиардов лет назад на месте Солнечной системы существовало гигантское облако пыли и газов, растянувшееся в пространстве почти на 6 миллиардов километров. Астрономы доказали, что подобные газопылевые облака до сих пор существуют в некоторых уголках безбрежного космоса. Такие облака состоят в основном из водорода и гелия — то есть из газов, образующих и наше светило. На долю остальных веществ приходятся две сотые доли массы газопылевого облака. Размер «пылинок» в газовых облаках измеряется тысячными долями миллиметра. Несмотря на необычайную легкость водорода и гелия, эти газы все же обладают массой. Поэтому со временем уже знакомые тебе силы притяжения постепенно начали «стягивать» допланетное облако в более плотное образование. В его середине образовалось гигантское центральное тело, а само облако стало плоским, похожим на диск, и начало вращаться. Причину этого все ускоряющегося кругового движения понять несложно. Когда кружащаяся фигуристка прижимает к себе руки, скорость ее вращения резко возрастает. Примерно то же происходило и в сжимающемся газопылевом облаке. По мере уменьшения его размеров небольшое движение сгущающегося газа становилось все более интенсивным. Когда давление и температура внутри центрального тела достигли критических величин, началась термоядерная реакция. Так, более 4,5 миллиардов лет назад «зажглось» наше Солнце. Из вращающихся вокруг него остатков облака постепенно сформировались более плотные кольца. В каждом из них образовался «сгусток», который позже стал планетой. Ученые считают, что процесс образования планет в нашей Солнечной системе длился около 100 миллионов лет. Если бросить в стакан с водой смесь песка и жидкой глины, массивные песчинки быстро упадут на дно, а легкие частицы еще долго будут плавать в виде взвеси. Примерно такой же процесс происходил и при формировании планет Солнечной системы. В результате действия сил тяготения более тяжелые вещества оказывались в центре планеты, формируя ее ядро. Снаружи оставались более легкие газы. Своим горячим дыханием Солнце буквально «сдуло» эту первичную газовую оболочку с ближайших к нему планет. Так образовались первые четыре относительно маленькие планеты Солнечной системы — Меркурий, Венера, Земля и Марс. Остальные планеты располагались настолько далеко от Солнца, что сохранили свою первичную «газовую шубу». Планеты-гиганты Юпитер, Сатурн, Уран и Нептун состоят в основном из газов. Исключение составляет, пожалуй, самая последняя планета Солнечной системы — Плутон. Она совсем невелика по размерам, хотя и она, как и остальные ее гигантские собратья, состоит из газа. Афонькин С.Ю. Космос. – СПб., 2008.-с.24-27 (серия «Узнай мир»)",4,0
47,"Иоганн Себастьян Бах. Для миллионов любителей музыки Бах является символом высокого искусства. Его произведения, написанные для церкви, понятны не только христианам, но и всем людям с чуткой душой и живым умом. По традиции все мужчины рода Бахов были музыкантами. Отец Иоганна Себастьяна, Амвросий Бах, играл в городском оркестре и трубил с башни, возвещая приход дня. Раннее детство мальчика было спокойным и счастливым, но вскоре случилось горе: в восемь лет он потерял мать, а вскоре умер и отец. Опекуном и воспитателем ребёнка стал его брат Иоганн Христоф. Он работал церковным органистом в соседнем городке Ордруфе.  Христоф взялся за обучение брата. Дома у него стоял деревянный шкаф с решётчатой дверцей, за которой хранились ноты композиторов Букстехуда и Пахельбеля. Христоф запретил младшему брату открывать шкаф, опасаясь, что слишком смелые идеи талантливых музыкантов нарушат систему обучения. Упрямый мальчик страницу за страницей вытаскивал ноты из шкафа и переписывал в надежде когда-нибудь сыграть эти произведения. Через некоторое время обман раскрылся. Всё переписанное Христоф отобрал, а наказанием Себастьяну стал запрет на прогулки и занятия музыкой. После окончания гимназии Себастьян с удовольствием покинул Ордруф. В ближайшие годы молодой музыкант служил церковным органистом в маленьких городках, а свободное время посвящал самообразованию: переписывал произведения классиков, посещал соседние города, чтобы послушать игру известных исполнителей. Сочинять музыку Бах начал ещё в Ордруфе. Его произведения были настолько прекрасны, что порой прихожане шли в церковь не за проповедью священника, а чтобы послушать музыку Баха.  В Веймаре, а потом в Кётене Бах служил музыкальным директором при княжеском дворе. Это обязывало композитора быть на виду, носить камзол с кружевными манжетами и сочинять музыку светского характера. За это время Бах написал произведения для оркестра, скрипки, клавесина. Так же, как и органная музыка, они наполнены энергией и вдохновенным настроением. Последние 27 лет жизни Бах провёл в Лейпциге. Здесь композитор служил кантором старинной церкви Святого Фомы. Ответственная должность обязывала его не только руководить хором, но и быть администратором, завучем, воспитателем и мастером по ремонту инструментов. Музыка не покидала Себастьяна и дома. Подросшие старшие сыновья оказались талантливыми музыкантами, а вторая жена Анна Магдалена помогала Баху преодолевать жизненные невзгоды. Слюсар О.А. Композиторы.- М., 2016.- С.4-7.",4,0
48,"Леонардо да Винчи: человек, опередивший свое время. Большинство людей, услышав имя Леонардо да Винчи, вспоминают его известную картину «Мона Лиза». Эта картина находится в художественном музее в Париже. Миллионы туристов каждый год приходят посмотреть на нее. Но Леонардо был не только художником. Он также был талантливым изобретателем, инженером, архитектором и скульптором. У него было много новых и необычных идей. Леонардо да Винчи родился в 1452 году в загородном доме своего отца около города Винчи в Италии. Его детство проходило среди природы; он наблюдал за животными и насекомыми, которые его окружали. Позже Леонардо вместе с отцом переехал в город Флоренцию. Там Леонардо стал работать и учиться у известного художника и скульптора по имени Верроккьо. За время работы у Верроккьо Леонардо узнал очень много о технике своего времени. Это помогло ему понять, как работают различные механизмы. А еще он научился смешивать различные краски для получения нужных цветов и пользоваться металлом для создания скульптур. Леонардо постоянно испытывал жажду знаний. Он изучал мир вокруг себя и рисовал то, что видел. Он прочитывал все книги, которые удавалось достать, прислушивался к идеям других людей и записывал все новое, что узнавал. Одни его записные книжки были большими, как плакаты, другие — маленькими, чтобы было удобно носить за поясом. Многие его записи оказались утеряны, но некоторые были опубликованы в начале XIX века, и их можно увидеть в наше время. В них есть рисунки и записи, сделанные аккуратным почерком. В записных книжках Леонардо есть описания его изобретений. Эти записи к тому же показывают его большой интерес к тому, что и как работает. Его занимали машины, но ему было также интересно, как движутся живые существа и как они устроены. Он изучал и рисовал движущуюся воду, листья на деревьях, летящих птиц и человеческие тела. Наблюдая за всем, что его окружало, он все время узнавал что-то новое. Все полученные знания и почерпнутые у других людей идеи Леонардо развивал и совершенствовал. В результате большинство рисунков в его записных книжках отражают абсолютно новые идеи. Некоторые похожи на картинки из будущего. Например, его рисунок «Летающая машина» был сделан задолго до появления в небе воздушных шаров или самолетов. Хотя Леонардо был полон новых идей, он не воплотил многое из того, что было на его рисунках. В одной из его записных книжек есть рисунок человека с парашютом. Эта идея была воплощена в жизнь только через 300 лет, в 1783 году, когда один француз стал первым человеком, спустившимся на землю с парашютом. Другое изобретение было основано на изучении Леонардо человеческого тела и его интересе к тому, как оно двигается. У Леонардо много рисунков, на которых изображены руки, ноги и другие части тела, он фактически спроектировал механического человека — робота! Этот робот мог сидеть прямо, махать руками, двигать головой, открывать и закрывать рот. Леонардо да Винчи умер в 1519 году. Он был поистине человеком, который опередил свое время. https://vogazeta.ru/articles/2017/12/5/quality/1212-proverka_navykov_chteniya_u_rebenka_po_metodike_pirls",4,0
49,"ТИБЕТЦЫ. Тибетцы — жители Страны снегов. Самой высокой страны в мире. Люди здесь живут на высоте трех-четырех километров над уровнем моря, а горы вокруг них вздымаются до семи-восьми километров. Но не стоит думать, что на такой высоте ничего нет. Здесь множество озер и лугов в долинах, покрытых цветами. Есть даже леса: пихты, кипарисы, ивы, тополя. Да что там леса — кое-где растет так много персиковых и абрикосовых деревьев, что их плодами кормят свиней! В реках и озерах полно рыбы, а на полях растет ячмень. Райские долины в этой стране находятся среди гор и снегов. Из одной перейти в другую, попить чаю с соседями — тяжелое путешествие. Так что люди здесь живут особенные. У тибетцев много легенд об их стране. Одна из них рассказывает, что столица Тибета, город Лхаса, стоит на озере, которое раньше было сердцем демона. Этот демон — и есть земля Тибета. Укротить демона — значит, укротить тяжелую землю Тибета. Что тибетцам вполне удалось. Та же легенда говорит о том, что раньше весь Тибет был огромным озером или морем. Другая легенда рассказывает о происхождении самого народа. Якобы давным-давно у одного из будд, святых спасителей в буддийской вере, по имени Авалокитешвара, был ученик — обезьяна. Эта обезьяна была такой мудрой, что со временем стала царем обезьян. Авалокитешвара послал царя обезьян в горы, а там в него влюбилась горная ведьма. Авалокитешвара приказал царю обезьян жениться на ней. Вот от этого-то союза и пошли все тибетцы. Спустя несколько поколений у них отпали обезьяньи хвосты и шерсть на теле, и пришлось им изготавливать себе одежду и укрощать тяжелую землю Тибета. Представляете? Задолго до Чарлза Дарвина тибетцы уже предполагали, что человек произошел от обезьяны! Причем считается, что все плохие качества — злоба, мстительность — у людей от ведьмы, а хорошие — от царя обезьян. Некоторые тибетцы даже утверждают, что это связано с внешним видом. Ведь среди тибетцев довольно четко выделяются люди, разные по внешности: одни с большим носом и вытянутым лицом, а другие — с плоским носом и большим круглым лицом. На самом деле все объясняется происхождением. Круглолицые, похожие на монголов, — это древние жители Тибета, а длинноносые — это пришельцы, которые завоевали коренных тибетцев около 1500 лет назад. Вскоре после этого завоевания все тибетцы и приняли буддийскую веру. К ним она проникла из Индии, которая расположена южнее, за горами. Индийские проповедники и учителя принесли тибетцам и алфавит на основе древнеиндийского, и свои священные книги. Тибетцы даже стали верить, что их первый царь тоже был индийцем. Постепенно буддистами стали почти все тибетцы, кроме тех, очень немногих, кто упрямо следовал и следует до сих пор древней вере «бон», похожей на веру «тенгри» у монголов. Буддизм говорит, что человек живет в выдуманном мире, а чтобы увидеть, каков мир настоящий, надо воспитать в себе особые качества. И так как буддисты верят, что душа человека после смерти переходит в другое тело, то заниматься такими поисками истины можно многие- многие жизни. Сам Будда Гаутама, основатель этой религии, воспитывал эти качества, размышляя и концентрируя свое внимание на протяжении нескольких жизней. С тех пор все буддисты тоже пытаются понять истинную природу мира. Когда такое удается, это называется «просветление». В Тибете сформировались четыре школы буддизма, но самой главной стала школа Гелугпа. Гелугпинцы создали множество монастырей под названием «дацаны». Именно гелугпинцы способствовали проникновению буддизма в Монголию. К тому времени Тибет находился уже в течение нескольких веков под властью монголов. И вот самый сильный монгольский князь Алтан-хан назначил своего внука верховным ламой, то есть жрецом, но не только школы Гелугпа, а всех буддистов. Особый титул, который Алтан-хан дал этому верховному жрецу — «далай- лама», — переводится как «океан мудрости». Монголы так уважали буддистов Тибета, что вскоре монгольский князь Гушри-хан освободил всю страну от своей власти! Пятый далай-лама учредил в Тибете особое правительство. Главой его является сам далай-лама, а министрами — разные другие ламы, то есть жрецы, или буддийские монахи. Между прочим, тибетцы и в наши дни признают власть и авторитет нынешнего, четырнадцатого, далай-ламы, хотя земля Тибета уже более полувека является частью государства Китай. Далай-лама пока живет в Индии, но тибетцы надеются, что когда-нибудь он или следующий далай-лама вернутся, и их страна опять станет независимой. Долгие века освоения тибетцами своей Страны снегов сделали их выносливым и крепким народом. До сих пор основная их пища это «цампа» — горячая смесь чая, масла и ячменной муки. Ее тибетцы едят во время долгих переходов. А уж в долинах они могут позволить себе поесть мяса или пельменей- «момо», попить кислого молока или ячменного пива. Большая часть жизни тибетцев связана с буддизмом. Стоят повсюду храмы и дацаны, крутятся особые «молитвенные барабаны», развеваются на ветру особые флажки с молитвами... Молитвенные барабаны — очень интересное изобретение. Буддисту полагается как можно больше молиться. Так вот, поскольку в барабане лежат бумажки с молитвами, каждый поворот барабана равен нескольким сотням молитв! У тибетцев яркое и своеобразное искусство. Они рисуют многоцветные иконы-танка, изображения святых-бодхисатв, своих учителей и будд. Как считается, будд существует несколько. Будда Гаутама — основатель веры, Майтрея — будда Будущего. Авалокитешвара, которого считают особым покровителем Тибета после того, как он направил туда царя обезьян, — это будда Сострадания. Считается, что все далай-ламы — это перерождения будды Авалокитешвары. В храмах стоят роскошные золоченые скульптуры, курятся благовония, лежат в кожаных переплетах многотомные учебники по поиску истины. Во время богослужений тибетцы поют особым, «горловым» голосом. То есть даже не поют, а читают нараспев свои книги, бьют в огромные барабаны и дуют в такие же огромные трубы в несколько метров длиной. И продолжают укрощать свою тяжелую землю, Страну снегов. Лазарев А.В. Портреты народов мира.- М., 2011",4,0
50,"ГЛАВА 3. ВЕЛИКИЙ ХИТРЕЦ Однажды ночью к тебе может примчаться одноглазый всадник, одновременно отражающийся в двенадцати зеркалах. Кто же это? Если ты увидишь человека с орлиным носом на пухлом лице, покрытом шрамами от трёх ранений, два из которых даже по мнению современных врачей являются смертельными, если ты увидишь седого полководца, украшенного русскими, прусскими и австрийскими орденами, если ты увидишь старого воина с повязкой на лице, закрывающей правый глаз, воина, тяжело сидящего в седле, – не сомневайся, к тебе пожаловал светлейший князь, генерал-фельдмаршал Михаил Илларионович Голенищев-Кутузов. А двенадцать отражений – это двенадцать памятников его великим подвигам, которые установлены в разных уголках нашей Родины и ещё в нескольких странах. Михаил Илларионович был самым хитрым полководцем войны России с французским императором Наполеоном, которую историки называют Отечественной войной 1812 года. Часто думают, что военные обладают знаниями только в военной службе и сражениях и не знают ничего другого. Кутузов в совершенстве владел французским и немецким языками, языком древних римлян – латынью, прекрасно разбирался в математике, а после русско-турецких войн ещё и научился великолепно варить кофе по особому рецепту, можешь спросить у него, если приедет в гости. Кроме своего главного подвига – победы над Наполеоном, Михаил Илларионович героически сражался в многочисленных боях с турками в трёх русско-турецких войнах, штурмовал крепости Очаков и Измаил, сбрасывал в море турецкие десанты, был дважды смертельно ранен в голову, но чудом остался жив. В Москве памятник Кутузову стоит недалеко от того места, где больше двухсот лет тому назад находилась обычная деревенская изба, в которой он после Бородинского сражения в 1812 году собрал военный совет, чтобы решить: дать ещё одно сражение, защищая Москву, или отступить, чтобы сохранить армию и выждать время для решительного удара по французам. Сегодня это окрестности станции метро «Фили», а тогда здесь была подмосковная деревушка Фили на реке Филька, которая сегодня течёт под землёй в специальной трубе. Когда идёшь мимо домика в три окошка по фасаду, никогда не подумаешь, что когда-то здесь собрались на совещание лучшие генералы Российской армии и сидели на обычных скамьях возле печки. Кстати, избу эту прозвали Кутузовской. Есть легенда, что в ночь после этого совещания, которое вошло в историю как «Совет в Филях», генерал-фельдмаршал Кутузов плакал. Он принял решение отступить и увести русские полки даже не через Москву, а в обход города. Это было сложное решение, и никто той ночью не знал, как сложится дальнейшая судьба России. На самом деле это была одна из тех стратегических хитростей, на которые был способен только Михаил Илларионович Кутузов. Наполеон прекрасно умел сражаться в полевых условиях, но осады городов и преследование отступающего противника ему удавались значительно хуже. Русские войска сначала отступали всеми силами, а потом так умело разделились, что ввели французскую разведку в заблуждение. Целых девять дней Наполеон даже не знал, где находятся основные силы русских войск. Ещё через месяц французские войска покинули Москву, и началось их отступление-бегство из России. Итак, что мы знаем о памятнике светлейшему князю Михаилу Илларионовичу Кутузову? Это полководец, сумевший перехитрить и победить самого успешного полководца Европы императора Наполеона и вытеснить его из России в 1812 году. Сам памятник расположен на Кутузовском проспекте возле дома № 38. За спиной у Кутузова – музей-панорама «Бородинская битва». Это огромная картина, которую создал русский художник французского происхождения Франц Рубо. Может быть, кто-то из его предков и родственников был в России не художником, а солдатом. Картина позволяет посмотреть на весь ход Бородинской битвы как будто с волшебного холма в центре поля. Чаще всего в стиле картин-панорам создавали именно батальные полотна — то есть картины, посвящённые знаменитым сражениям. Картины-панорамы – это древний способ сформировать объёмное ощущение, примерно так же, как сейчас в ЗО-кинотеатре, только без специальных очков. Уверен, побывать в этом музее будет очень интересно. Жданов О. Бронзовые люди. На что обижаются статуи. – Москва: Проспект, 2018. – 40 с. [С.15-18]",4,0
51,"ВОРОН. Рядом с нами живут вороны. Надо заметить, что ворон не является «родственником» или парой для вороны. Вес птицы — до 1,5 килограмма. Живут они до 70 лет. Оперение тёмное — тёмно-синее, чёрное. Ворон агрессивен, когда охраняет птенцов; также при привязанности к кому-то, если нужна защита. Питается грызунами, отбросами, моллюсками, рыбой. Птица неперелётная. Живут на скалах, деревьях лесов и парков многих стран. В зимнее время стремятся ближе к людям — жилищам на чердаках домов. Беневоленская, Валентина.  Птицы. – М., 2014. – 47 с.: ил.",1,2
52,"ГОЛУБИ. Голуби считались священными птицами. Жили они в пещерах. В настоящее время голуби живут близко к населённым пунктам, ближе к людям. Окраска перьев диких и полудиких голубей тёмная с серым или коричневым оттенком. Человек для себя выводит птиц — голубых, золотистых, с разноцветным оперением. Голуби приносили большую пользу людям. Использовали голубей как воздушных почтальонов. Особенно важна их помощь была во времена военных действий: когда невозможно было передать информацию — привязывали послание к лапке и летел он к знакомому жилищу. И служили голуби птицами - контролёрами. Люди, взрослые и дети, угощают птиц - белый хлеб, пшено и другое. Слетают с деревьев, с крыш домов голуби и воробьи. Добрые голуби не прогоняют воробьёв — деликатное отношение к маленьким. Беневоленская, Валентина.  Птицы. – М., 2014. – 47 с.: ил.",1,2
53,"ЛЕБЕДЬ. Лебеди относятся к семейству утиных и ГуСиных особей. Существует несколько видов лебедей Вес взрослых лебедей - 15 килограммов. Взмах крыльев достигает 2 метра. По внешнему виду грациозны, изящны, привлекательны на воде; особенно белы^ У лебедей очень короткие ногц, ПОЭтому они выглядят неуклюже на земле. Лебеди — это плавающие птицы и живут около водоёмов с пресной водой. Питаются тем, чем богат в0д0ём — мелкими животными, кореньями и растен14ЯМИ Лебеди привлекают человека своей красотой. О них пишут песни, сказки. Балет «Лебединое озеро» на сцене во многих странах. Птицы перелётные. Живут в странах Европы, в Америке, в России. Беневоленская, Валентина.  Птицы. – М., 2014. – 47 с.: ил.",1,2
54,"РИСУНОЧНОЕ ПИСЬМО. Ты когда-нибудь задумывался над тем, как и когда появилась письменность? Современные алфавиты возникли далеко не сразу. В глубокой древности, в эпоху неолита (а может быть, и раньше), люди передавали друг другу сообщения с помощью рисунков. Такой способ ученые назвали рисуночным, или пиктографическим, письмом. Слово «пиктография» произошло от латинского «пиктус» — «нарисованный» и греческого «графо» — «пишу». Каждый рисунок-знак, или пиктограмма, этого письма может быть прочтен и как слово, и как словосочетание, и как предложение, и даже как несколько предложений. А еще наши предки для передачи информации применяли зарубки на палках, вампумы (нити с нанизанными на них раковинами), кипу и др. У рисуночного письма оказалась долгая жизнь. Еще недавно им пользовались индейцы Америки, аборигены Африки и Австралии, некоторые народы Сибири. Пиктограммы пригодились и в наше время. Например, на стадионе, в кинотеатре или в метро ты, наверное, видел знак бегущего человечка. Этот знак показывает: «выход здесь!», а ведь писать то же самое словами было бы так долго! Нагаев В.Г. Герб, эмблема, знак.- М., 2008",1,0
